Country_code,Publisher_code,Publisher
0,0,William Collins; HarperCollins
0,2,Collier Books; Collier Macmillan
0,3,"Holt, Rinehart and Winston"
0,4,George Allen & Unwin; Unwin Hyman
0,5,Oliver & Boyd
0,6,"Harper & Row; Collins; HarperCollins, HarperOne, It Books, Zondervan Publishing House"
0,7,McGraw Hill
0,8,Pergamon; Pergamon Press
0,9,Century Hutchinson; Geographia (Ltd); Random Century; Random House
0,10,HMSO
0,11,HMSO
0,12,Academic Press
0,13,Prentice Hall; John Wiley & Sons
0,14,Penguin Books
0,15,Harcourt Brace Jovanovich
0,16,United States Government Publishing Office
0,17,Thomas Nelson
0,19,Oxford University Press
0,200,Abelard-Schuman Ltd
0,201,Addison-Wesley
0,202,Aldine; Aldine Atherton
0,203,Taylor & Francis
0,204,Allman
0,205,Allyn and Bacon
0,206,Cape Goliard Press
0,207,Angus and Robertson
0,209,Arco Publications
0,210,Asia Publishing House
0,211,Avis
0,212,John Baker
0,213,Arthur Barker
0,214,Barrie & Jenkins; Barrie and Rockliff
0,216,Blackie
0,218,Anthony Blond
0,219,Blond Educational
0,220,Business Books
0,222,Burke Books
0,223,Burns & Oates
0,224,Jonathan Cape
0,225,Geoffrey Chapman
0,226,University of Chicago Press
0,227,James Clarke
0,229,Adlard Coles Nautical
0,230,Palgrave Macmillan
0,231,Columbia University Press
0,232,"Darton, Longman and Todd"
0,233,André Deutsch
0,234,Dennis Dobson
0,236,Elek
0,237,Evans Brothers
0,238,"Evelyn, Adams and Mackay"
0,240,Focal Press
0,241,Hamish Hamilton
0,245,Harrap
0,246,Rupert Hart-Davis
0,247,Hart-Davis Educational
0,248,Cresset Press
0,249,Leonard Hill; Morgan-Grampian
0,250,Ann Arbor Science
0,251,Icon Books
0,252,University of Illinois Press
0,253,Indiana University Press
0,255,Institute of Economic Affairs
0,256,Richard D. Irwin; Dorsey Press; Irwin-Dorsey International
0,257,Herbert Jenkins
0,258,Crosby Lockwood; Crosby Lockwood Staples
0,261,Grafton
0,262,MIT Press
0,263,Mills & Boon
0,264,A. R. Mowbray
0,268,University of Notre Dame Press
0,269,Pall Mall Press
0,271,Pennsylvania State University Press
0,272,Pitman Medical
0,273,Pitman
0,275,Praeger
0,276,Reader's Digest Press
0,278,Reinhold
0,280,Rivingtons
0,281,S.P.C.K.
0,283,Sidgwick & Jackson
0,284,Skilton
0,285,Souvenir Press
0,286,Staples Press
0,289,Studio Vista
0,291,Technical Press
0,292,University of Texas Press
0,295,University of Washington Press
0,296,C. A. Watts
0,297,Weidenfeld & Nicolson
0,298,Weidenfeld & Nicolson Educational
0,299,University of Wisconsin Press
0,300,Yale University Press
0,301,Pemberton Books
0,302,Zwemmer
0,303,Weidenfeld and Nicolson
0,304,Cassell
0,305,Jackdaw
0,306,"Da Capo Press; Consultants Bureau, and Kluwer Academic (NY)"
0,307,Random House
0,308,Funk & Wagnalls
0,309,National Academy of Sciences
0,310,Zondervan
0,312,St Martin's Press
0,313,Greenwood Press
0,314,West Publishing
0,316,Hachette
0,317,UMI Books on demand
0,318,UMI Books on demand
0,319,Ordnance Survey (UK)
0,321,Addison-Wesley; Peachpit
0,323,C. V. Mosby
0,324,South-Western College Publishing
0,325,Heinemann
0,330,"Pan Books, Pan Macmillan, Time Warner"
0,333,Macmillan
0,334,SCM Press
0,335,Open University
0,337,HMSO
0,338,"Stationery Office (TSO, ex HMSO)"
0,339,"Stationery Office (TSO, ex HMSO)"
0,340,"Hodder & Stoughton, Hodder Headline"
0,345,Ballantine Books
0,347,Saxon House
0,348,"Stationery Office (TSO, ex HMSO)"
0,349,Sphere Books
0,351,Sphere Books
0,352,Star Books
0,354,Macdonald and Jane's
0,356,Macdonald; Queen Anne Publishers/Macdonald and Jane's
0,361,Purnell and Sons
0,370,The Bodley Head
0,373,Harlequin
0,374,"Farrar, Straus and Giroux"
0,375,Random House
0,377,Friendship Press
0,378,Ward Ritchie Press
0,379,Oceana Publications
0,380,HarperCollins
0,382,General Learning Press; Silver Burdett
0,384,Johnson Reprint
0,385,Doubleday
0,387,Springer
0,388,"ООО ""Питер Пресс"" (rus. Piter Press)"
0,389,Barnes & Noble
0,390,Appleton-Century-Crofts
0,393,W. W. Norton
0,394,Alfred A. Knopf
0,395,Houghton Mifflin
0,396,"Dodd, Mead"
0,397,Lippincott
0,398,Charles C. Thomas
0,399,G. P. Putnam's Sons
0,402,Cowles Book Co. (New York)
0,403,Scholarly Press
0,404,AMS Press
0,405,"Arno Press, also Benjamin Press"
0,406,Butterworths
0,407,Butterworths
0,408,Butterworths
0,409,Butterworths
0,411,HarperCollins Audio
0,412,Chapman & Hall
0,413,Methuen
0,415,"Routledge, CRC Press, Taylor & Francis"
0,416,Methuen
0,417,Methuen
0,419,Spon
0,420,Stevens & Sons
0,421,Sweet & Maxwell
0,422,Tavistock
0,423,Methuen
0,424,Sydney University Press
0,425,Berkley Publishing
0,426,Tandem Publishing
0,431,Heinemann
0,432,Peter Davies
0,433,"Heinemann Medical, LexisNexis Canada"
0,434,William Heinemann
0,435,Heinemann Educational
0,436,Secker & Warburg
0,437,World's Work
0,439,Scholastic
0,440,Dell
0,441,Ace Books
0,442,D. Van Nostrand; Van Nostrand Reinhold
0,443,Churchill Livingstone
0,444,North-Holland
0,446,Warner Books
0,448,Grosset & Dunlap; Paddington Press
0,449,Ballantine Books
0,450,New English Library
0,451,New American Library
0,452,New American Library
0,455,Law Book Company
0,456,Methuen
0,458,Methuen
0,459,Carswell
0,460,Dent
0,461,Marshall Cavendish
0,465,Basic Books
0,470,Wiley
0,471,Wiley
0,472,University of Michigan Press
0,473,(various New Zealand Societies' publications)
0,475,Victoria University of Wellington
0,477,New Zealand DSIR
0,478,Government of New Zealand
0,485,Athlone Press
0,486,Dover Publications
0,490,Aldus Books
0,491,W. H. Allen
0,495,Thomson Wadsworth
0,498,A. S. Barnes
0,500,Thames & Hudson
0,510,Ernest Benn
0,511,Cambridge University Press
0,515,Jove Books
0,516,Childrens Press
0,517,Crown Publishers
0,518,Books for Libraries Press
0,520,University of California Press
0,521,Cambridge University Press
0,522,Melbourne University Press
0,523,Pinnacle Books
0,525,E. P. Dutton
0,527,Kraus Reprint
0,528,Rand McNally College Publishing
0,529,Collins (U.S. division); World Catholic Press
0,531,Franklin Watts
0,532,Pleasure Books
0,533,Vantage Press
0,534,Wadsworth; Brooks/Cole
0,536,Simon & Schuster Custom Publishing; Pearson Custom Publishing
0,538,South-Western Publishing
0,540,George Philip
0,542,UMI Press
0,543,Adamant
0,544,Houghton Mifflin Harcourt
0,545,Scholastic
0,547,Houghton Mifflin Company
0,548,Kessinger
0,550,W. & R. Chambers
0,551,Marshalls; Marshall Pickering
0,552,Corgi
0,553,Bantam Books
0,554,Bastion Books
0,559,Bibliolife
0,560,E. J. Arnold; Arnold-Wheaton
0,562,Sampson Low
0,563,BBC Publications
0,564,British and Foreign Bible Society
0,565,British Museum
0,566,Gower Publishing
0,567,T. & T. Clark
0,569,Collets
0,570,Concordia Publishing House
0,571,Faber and Faber; Faber Music
0,572,Foulsham
0,573,Samuel French
0,574,Science Research Associates
0,575,Gollancz Guild Publishing
0,576,Gregg International
0,580,British Standards Institution
0,582,Longman
0,583,"William Collins, HarperCollins"
0,584,Frederick Muller
0,586,Panther Books
0,589,Reed Publishing
0,590,Scholastic
0,592,Iliffe
0,593,Bantam Books
0,594,The Weinstein Company
0,595,Authors Choice Press; Writers Club Press
0,596,O'Reilly
0,600,Hamlyn
0,601,Hamlyn
0,602,Ginn
0,607,US Geological Survey
0,608,UMI Books on Demand
0,609,Crown Publishing Group
0,610,Kelly's Directories
0,611,Reed Information Services
0,612,UMI
0,614,American Concrete Institute
0,615,(Numerous small presses)
0,617,IPC Business Press
0,618,Houghton Mifflin
0,619,Course Technology
0,620,(various South African imprints)
0,621,(South Africa Government Printer)
0,624,Tafelberg
0,627,J. L. van Schaik
0,631,Basil Blackwell
0,632,Blackwell Scientific
0,634,Hal Leonard Corporation
0,636,Maskew Miller Longman
0,642,Australian Government Publishing Service
0,643,Commonwealth Scientific and Industrial Research Organisation (CSIRO)
0,644,Australian Government Publishing Service
0,646,(various Australian organizations)
0,658,NTC Publishing Group; NTC/Contemporary Publishing Group; National Textbook Company
0,660,Supply and Services Canada
0,662,Supply and Services Canada
0,664,Westminster Press
0,665,Canadian Institute for Historical Microreproductions
0,667,Microfilming Corporation of America
0,668,Arco Publishing
0,669,Lexington Books
0,670,Viking Press
0,671,Simon & Schuster
0,672,SAMS Publishing
0,673,"Scott, Foresman"
0,674,Harvard University Press
0,675,Charles E. Merrill
0,676,Vintage Canada
0,677,Gordon and Breach
0,678,Augustus M. Kelly
0,679,Random House; Alfred A. Knopf
0,681,Longmeadow Press
0,682,Exposition Press
0,683,Williams and Wilkins
0,684,Scribners
0,685,UMI Books on Demand
0,687,Abingdon Press
0,688,William Morrow and Company
0,689,Simon & Schuster
0,690,Thomas Y. Crowell
0,691,Princeton University Press
0,692,Pebblebrook Press
0,694,HarperCollins
0,695,Association Press
0,696,Meredith Books
0,697,Wm C. Brown
0,698,"Coward, McCann & Geoghegan"
0,7000,J. & A. Churchill
0,7002,Intertext Books
0,7003,British Railways Board
0,7004,Olympia Press
0,7005,National Foundation for Educational Research
0,7006,University Press of Kansas
0,7007,Curzon Press
0,7010,Chatto & Windus Educational; Hart-Davis Educational
0,7011,Chatto & Windus
0,7012,Hogarth Press
0,7016,Jacaranda Press
0,7017,University of Newcastle (UK)
0,7020,"Baillière, Tindall"
0,7021,Juta and Co. (South Africa)
0,7022,University of Queensland Press
0,7025,Bharatiya Vidya Bhavan (India)
0,7028,Bartholomew
0,7043,Quartet
0,7044,Birmingham University (UK)
0,7045,Wildwood House
0,7049,University of Reading; Whiteknights Press
0,7051,Mitre Press
0,7054,Time-Life International
0,7055,Victoria University Press
0,7057,Elmfield Press
0,7058,Atomic Energy Research Establishment (AERE)
0,7061,Oak Tree Press
0,7062,Ward Lock Educational
0,7063,Ward Lock
0,7064,Octopus Books
0,7065,Israel Program for Scientific Translations
0,7067,Davis-Poynter
0,7068,Sceptre Press
0,7069,Vikas Publications (India)
0,7071,John Gifford
0,7073,Scottish Academic Press
0,7076,Stationery Office (Ireland)
0,7078,National Trust
0,7079,Newman Books; Hemming Information Services
0,7081,Australian National University Press
0,7083,University of Wales Press
0,7084,Macaulay Institute; Soil Survey of England and Wales
0,7085,Inner London Education Authority (ILEA)
0,7087,nferNelson; GL Assessment
0,7088,Futura Publications
0,7089,Ulverscroft
0,7090,Robert Hale
0,7091,Robert Hale
0,7092,Paddington Press
0,7093,Birmingham City Council
0,7095,British Tourist Authority
0,7099,Croom Helm
0,7100,Routledge and Kegan Paul
0,7102,Routledge and Kegan Paul
0,7103,Kegan Paul International
0,7105,Peter Haddock Ltd
0,7106,Jane's Publishing
0,7108,Harvester Press
0,7110,Ian Allan
0,7112,Windward Books
0,7114,Godwin
0,7117,Jarrold Publishing
0,7119,Omnibus Press; Wise Publications
0,7121,Macdonald and Evans
0,7123,British Library
0,7126,Century; Century Books
0,7129,Dawsons of Pall Mall
0,7130,Woburn Press
0,7131,Edward Arnold
0,7134,Batsford
0,7135,George Bell & Sons
0,7136,A & C Black
0,7137,Blandford Press
0,7138,Bles
0,7139,Allen Lane
0,7140,British Publishing
0,7141,British Museum Publications
0,7145,Marion Boyars
0,7146,Frank Cass
0,7147,Mir Publishers; Progress Publishers (USSR)
0,7148,Phaidon Press
0,7150,Chester House Publications
0,7151,Church Information Office Publishing
0,7152,Saint Andrew Press
0,7153,David & Charles
0,7154,Christopher Davies
0,7156,Duckworth
0,7157,Holmes-McDougall
0,7158,EP Publishing
0,7160,Elliot Right Way
0,7161,Gower Press
0,7162,Epworth Press
0,7163,Fabian Society
0,7164,Faith Press
0,7165,Irish University Press
0,7167,W. H. Freeman; Scientific American Library
0,7168,Greater London Council
0,7171,Gill and Macmillan (Ireland)
0,7172,"Groupe Polygone Editeurs; Grolier Book Club, Scholastic, Early Moments"
0,7175,Hulton Press
0,7176,Health and Safety Executive (UK)
0,7178,International Publishers (New York)
0,7179,Johnston and Bacon
0,7181,Michael Joseph
0,7182,Kaye and Ward
0,7183,William Kimber
0,7184,Departments of the Environment and Transport: Library (UK)
0,7185,Leicester University Press
0,7186,H. K. Lewis
0,7187,University of London
0,7188,Lutterworth Press
0,7189,Luzac
0,7190,Manchester University Press
0,7191,Cornmarket Press
0,7192,Methodist Church: Division of Education and Youth
0,7194,Castle House Publications
0,7195,John Murray
0,7197,National Christian Education Council
0,7198,Northwood Publications
0,7199,National Council of Social Service
0,7200,Amgueddfa Genedlaethol Cymru = National Museum Wales
0,7201,Mansell
0,7202,James Nisbet
0,7204,North-Holland Publishing
0,7205,Outposts Publications
0,7206,Peter Owen Publishers
0,7207,Pelham Books
0,7208,Pickering & Inglis
0,7210,Cement and Concrete Association
0,7211,W. Reeves
0,7212,Regency Press
0,7214,Wills & Hepworth
0,7216,Saunders Publishing
0,7217,Schofield Sims
0,7219,Shaw and Sons
0,7220,Sheed and Ward
0,7221,Sphere Books
0,7223,Arthur H. Stockwell
0,7225,Thorsons Publishing
0,7226,Kestrel Books
0,7227,Continua
0,7228,Zeno
0,7230,Times Books
0,7231,University Tutorial Press
0,7232,Frederick Warne & Co
0,7234,Wolfe Publishing
0,7235,World International Publishing
0,7236,John Wright and Sons
0,7240,[State of] New South Wales (Australia)
0,7241,[State of] Victoria (Australia)
0,7242,Cairns
0,7243,[State of] South Australia
0,7245,Northern Territory (Australia)
0,7248,Prentice-Hall of Australia
0,7251,Macmillan Company of Australia
0,7254,Ure Smith
0,7256,Hawthorn Press; Aureal Publications
0,7258,Flinders University of South Australia
0,7259,"University of Newcastle, Australia"
0,7263,Summer Institute of Linguistics (New Guinea)
0,7267,Edward Arnold (Australia)
0,7273,Pentech Press
0,7275,Aquila
0,7277,Thomas Telford Ltd
0,7278,Severn House
0,7279,British Medical Association (BMA)
0,7281,Aims for Freedom and Enterprise
0,7282,Estates Gazette
0,7285,White Lion Publishers
0,7286,University of London: School of Oriental and African Studies (SOAS)
0,7287,Arts Council of Great Britain
0,7289,Becket
0,7291,Open Books
0,7292,National Economic Development Office (NEDO)
0,7293,Grant & Cutler
0,7294,Voltaire Foundation
0,7295,"Holt, Rinehart and Winston (Australia); Harcourt Brace Jovanovich(Australia); Saunders/Baillière Tindall (Australia)"
0,7299,Pitman Publishing (Australia)
0,7300,Deakin University
0,7301,Reed International (Australia)
0,7305,DSP Resource Productions (Disadvantaged Schools' Programme)
0,7308,South Australian Sports Institute
0,7313,Art Gallery of New South Wales
0,7315,Australian National University
0,7317,Department of Defence (Australia)
0,7318,Simon & Schuster (Australia)
0,7322,Collins Australia
0,7325,University of Melbourne
0,7326,Monash University
0,7327,Mimosa Publications; Shortland Publications (New Zealand)
0,7329,Macmillan of Australia
0,7333,ABC Books (Australian Broadcasting Corporation)
0,7339,Addison Wesley; Longman;Pearson; Prentice Hall (Australia)
0,7340,University of Melbourne
0,7347,Art Gallery of New South Wales
0,7354,American Institute of Physics
0,7355,Aspen Publishers
0,7356,Microsoft Press
0,7357,New Riders Press
0,7358,North-South
0,7360,Human Kinetics
0,7368,Bridgestone Books
0,7369,Harvest House Publishers
0,7375,Biblical Studies Press
0,7377,Greenhaven Press
0,7382,Perseus Books; Da Capo Press
0,7385,Arcadia Publishing
0,7386,Research & Education Association
0,7388,Xlibris Corporation
0,7389,Sony Wonder
0,7391,Lexington Books
0,7399,Rod and Staff Publishers
0,7407,Andrews McMeel Publishing
0,7414,Infinity Publishing
0,7425,Rowman & Littlefield
0,7432,"Simon & Schuster, Scribner"
0,7433,Clocktower Books [1] (formerly Clocktower Fiction)
0,7434,Pocket Books
0,7445,Walker Books
0,7448,Ark Paperbacks
0,7449,Adamantine Press
0,7450,Wheatsheaf; Harvester Wheatsheaf
0,7451,Cherrytree Press; Chivers Press
0,7453,Pluto Press
0,7456,Polity Press
0,7458,Ellis Horwood
0,7459,Lion Publishing
0,7460,Usborne Publishing
0,7462,MTP Press
0,7463,Northcote House
0,7464,Business and Technology Education Council
0,7465,Oriental University Press
0,7466,Harcourt Brace Jovanovich (Educational)
0,7470,Christopher Helm Publishers
0,7471,Harrap-Columbus
0,7472,Headline
0,7474,Sphere Books
0,7475,Bloomsbury Publishing
0,7476,Van Nostrand Reinhold (International)
0,7478,Shire Publications
0,7480,HMSO: Scottish Office
0,7483,A. T. Foulks Lynch
0,7484,Taylor and Francis
0,7486,Edinburgh University Press
0,7487,Stanley Thornes
0,7488,Improvement and Development Agency (UK)
0,7490,Allison & Busby
0,7491,Pearson Education
0,7492,Open University Press
0,7493,Mandarin Publishing
0,7494,Kogan Page
0,7495,The Automobile Association (AA)
0,7496,Gloucester Press
0,7497,Mammoth
0,7498,Egmont World
0,7499,Piatkus
0,7500,Simon & Schuster
0,7501,Simon & Schuster
0,7502,Wayland
0,7503,Adam Hilger
0,7504,National Assembly for Wales
0,7505,Magna Large Print Books
0,7506,"Butterworth-Heinemann, Architectural Press"
0,7507,Falmer Press
0,7509,Sutton Publishing
0,7512,Gregg Revivals
0,7513,Dorling Kindersley
0,7514,Blackie Academic & Professional
0,7515,Warner Books
0,7517,BPP Learning Media
0,7518,British Geological Survey
0,7520,Longman Law
0,7521,Health Education Authority
0,7522,Boxtree; Channel 4 Books
0,7524,Tempus Publishing
0,7525,Parragon
0,7528,Orion Books
0,7530,London School of Economics and Political Science
0,7531,ISIS
0,7534,Kingfisher
0,7535,Virgin Books
0,7536,Primary Source Media
0,7537,Octopus Publishing Group
0,7538,Phoenix Books
0,7540,Chivers
0,7541,Minerva Press
0,7545,Tolley
0,7546,Ashgate Publishing
0,7548,Lorenz
0,7551,House of Stratus
0,7553,Headline Book Publishing
0,7557,Stationery Office (Éire)
0,7559,The Stationery Office (Scotland)
0,7566,DK Publishing Special Markets
0,7567,Diane Publishing
0,7573,HCI Teens
0,7575,Kendall/Hunt Publishing
0,7577,Apostolic Book Publishers
0,7579,Kalmus
0,7586,Concordia Publishing House
0,7591,AltaMira Press
0,7595,iPublish.com
0,7596,1st Books Library
0,7600,Course Technology
0,7603,Motorbooks International
0,7607,Barnes & Noble Books
0,7611,Workman Publishing
0,7613,Twenty-First Century Books; Millbrook Press
0,7614,Marshall Cavendish
0,7615,Forum/Prima Lifestyles
0,7616,Therapy Skill Builders
0,7618,University Press of America
0,7619,SAGE Publications
0,7623,JAI Press
0,7624,Running Press
0,7625,Running Press
0,7627,TwoDot; Globe Pequot
0,7631,Browntrout Publishers
0,7636,Candlewick
0,7637,Jones and Bartlett Publishers
0,7641,Barron's Educational Series
0,7643,Schiffer Publishing
0,7644,Group Publishing
0,7645,IDG Books Worldwide
0,7648,Liguori/Triumph
0,7649,Pomegranate Communications; Liguori Publications
0,7653,Tom Doherty Associates books
0,7656,M. E. Sharpe
0,7657,Jason Aronson
0,7658,Transaction Publishers
0,7660,Enslow Publishers
0,7661,Kessinger Publishing
0,7668,Delmar Publishers
0,7670,New Video Group
0,7673,Convention Press
0,7674,Mayfield Publishing
0,7678,Columbia TriStar Home Entertainment
0,7679,"Broadway Books, Morgan Road Books"
0,7680,Society of Automotive Engineers
0,7692,Warner Bros. Communications
0,7693,Singular
0,7694,Sterling Entertainment
0,7695,IEEE Computer Society Press
0,7700,McGraw-Hill Ryerson (Canada)
0,7701,Paperjacks (Canada)
0,7703,Dalhousie University; Vine Press
0,7704,McClelland and Stewart
0,7705,Macmillan (Canada)
0,7709,Carleton University
0,7710,McClelland and Stewart
0,7713,University of Toronto
0,7714,University of Western Ontario; Mestengo Press
0,7715,Gage Publishing
0,7717,McGill University
0,7720,"Clarke, Irwin"
0,7723,Macmillan-NAL (Canada)
0,7725,Irwin Publishing
0,7727,University of Toronto
0,7729,Ontario Geological Survey
0,7730,Copp Clark Publishing
0,7733,American Home Treasures
0,7734,Edwin Mellen Press
0,7735,McGill-Queen's University Press
0,7736,General Publishing (Canada)
0,7737,Stoddart
0,7740,Coles Notes
0,7743,Ontario Publications Services Section
0,7744,Ontario Institute for Studies in Education
0,7746,Presses de l'Université Laval
0,7747,Harcourt Brace Jovanovich (Canada)
0,7748,University of British Columbia Press
0,7750,Librairie Beauchemin
0,7752,Actuelle
0,7753,Pierre Tisseyre; Cercle du livre de France (Canada)
0,7754,Québec: Éditeur officiel
0,7755,Fides
0,7757,Garneau
0,7758,Hurtubise HMH
0,7759,Éditions de l'homme
0,7760,Éditions du Jour
0,7761,Leméac
0,7762,Lidec
0,7766,University of Ottawa Press
0,7770,Presses de l'Université du Québec
0,7777,La Presse (Montréal)
0,7778,Queen's Printer for Ontario
0,7783,MIRA Books
0,7786,Madacy Entertainment
0,7798,Thomson Carswell
0,7800,Home Vision Entertainment/Janus Films
0,7803,Institute of Electrical and Electronics Engineers (IEEE)
0,7806,Warner Home Video; PBS Home Video
0,7808,Omnigraphics
0,7814,David C. Cook
0,7817,Raven Press
0,7818,Hippocrene Books
0,7821,Sybex
0,7823,Educational Media Film & Video
0,7829,Resources for Christian Living
0,7831,HBO
0,7832,Universal Studios Home Entertainment
0,7835,Time-Life Books
0,7838,G. K. Hall
0,7840,Artisan Home Entertainment
0,7844,American Society of Civil Engineers
0,7847,Standard Publishing Company
0,7851,Marvel Comics
0,7852,Thomas Nelson Publishers
0,7858,Castle Books
0,7862,Thorndike Press
0,7863,Irwin Professional
0,7864,McFarland & Company
0,7867,Carroll & Graf Publishers; Da Capo Press
0,7868,Hyperion
0,7869,Wizards of the Coast
0,7872,Kendall/Hunt Publishing
0,7873,Mokelumme Press
0,7876,Gale Research
0,7879,Jossey-Bass Publishers
0,7880,Academic Renewal Press
0,7881,National Defence University Press
0,7884,Heritage Books
0,7885,Scholars Press
0,7886,MPI Media Group
0,7888,Buena Vista Home Entertainment
0,7890,Haworth Medical Press
0,7892,Abbeville Press
0,7893,Universe
0,7894,Dorling Kindersley
0,7895,Thomson Learning
0,7897,Que Publishing
0,7900,Reed Publishing (New Zealand)
0,7901,Shortland Publications
0,7906,Prompt Publications
0,7907,Warner Home Video
0,7910,Chelsea House Publishers
0,7913,Thomson Reuters
0,7914,State University of New York Press
0,7918,ASME Press (American Society of Mechanical Engineers)
0,7921,Paramount Home Video
0,7922,National Geographic Society
0,7923,Kluwer Academic Publishers
0,7928,MGM/UA Home Video
0,7931,Dearborn Trade
0,7935,G. Schirmer
0,7936,PBS Home Video
0,7942,Thirteen
0,7944,Reader's Digest
0,7957,Kwela Books
0,7962,Heinemann (South Africa)
0,7969,Human Sciences Research Council (South Africa)
0,7970,The Government Printer (South Africa)
0,7972,University of Stellenbosch
0,7974,various Zimbabwe imprints
0,7978,Government of Swaziland
0,7979,B. Britten (Swaziland)
0,7981,Human & Rousseau (South Africa)
0,7983,Africa Institute of South Africa
0,7989,Pretoria State Library
0,7992,University of Cape Town
0,7994,Via Afrika
0,8001,Columbia TriStar Home Video
0,8002,Falmer Press
0,8005,Bogden & Quigley
0,8006,Fortress Press
0,8007,Fleming H. Revell; Chosen Books
0,8008,Taplinger Publishing
0,8010,Baker Book House
0,8013,Longman (US division)
0,8014,Cornell University Press
0,8015,Hawthorn Books
0,8016,C. V. Mosby
0,8018,Johns Hopkins University Press
0,8019,Chilton Book Co.
0,8020,University of Toronto Press
0,8021,Grove Press
0,8022,Philosophical Library
0,8023,Dufour Editions
0,8024,Moody Publishers
0,8026,George Mason University Press
0,8027,Walker and Company
0,8028,W. B. Eerdmans
0,8031,ASTM (American Society for Testing and Materials)
0,8032,University of Nebraska Press
0,8034,Avalon Books
0,8036,F. A. Davis Company
0,8037,Dial Press
0,8038,Focal Press (US division)
0,8039,Sage Publications
0,8040,Swallow Press
0,8041,Random House Large Print
0,8042,John Knox Press
0,8044,F. Ungar
0,8046,Kennikat Press
0,8047,Stanford University Press
0,8048,Charles E. Tuttle Company
0,8050,Henry Holt and Company also Metropolitan Books
0,8052,Schocken Books
0,8053,Benjamin Cummings
0,8054,Broadman Press; Broadman & Holman
0,8055,Hart Publishing
0,8057,Twayne Publishers
0,8058,"Lawrence Erlbaum Associates, also Routledge"
0,8059,Dorrance Publishing
0,8061,University of Oklahoma Press
0,8062,Carlton Press
0,8063,Genealogical Publishing
0,8065,Citadel Press
0,8066,Augsburg Publishing House
0,8067,Urban & Schwarzenberg
0,8069,Sterling Publishing
0,8070,Beacon Press
0,8071,Louisiana State University Press
0,8072,Random House
0,8074,Union of American Hebrew Congregations
0,8076,George Braziller
0,8077,Teacher's College Press
0,8078,University of North Carolina Press
0,8080,CCH Inc. (Commerce Clearing House Inc.)
0,8084,College & University Press
0,8087,Burgess Publishing
0,8089,Grune & Stratton
0,8090,Hill and Wang
0,8091,Paulist Press
0,8092,Contemporary Books
0,8093,Southern Illinois University Press
0,8094,Time-Life Books
0,8095,Borgo Press
0,8096,Association Press
0,8098,Tuttle Publishing
0,8101,Northwestern University Press
0,8102,Chandler Publishing
0,8103,Gale Research
0,8104,Hayden Books
0,8106,National Education Association
0,8108,Scarecrow Press
0,8109,Harry N. Abrams
0,8110,Northwestern University Press
0,8112,New Directions Publishing
0,8114,Raintree Steck-Vaughn
0,8115,Kraus Reprint
0,8116,Garrard
0,8117,Stackpole Books
0,8118,Chronicle Books
0,8120,Barron's Educational Series
0,8121,Lea and Febiger
0,8122,University of Pennsylvania Press
0,8125,Tom Doherty Associates; Tor Books
0,8126,Open Court Publishing
0,8128,Stein and Day Publishers
0,8129,Quadrangle Books
0,8130,University of Florida Press
0,8131,University Press of Kentucky
0,8132,Catholic University of America Press
0,8133,Westview Press
0,8134,Interstate Printers & Publishers
0,8135,Rutgers University Press
0,8137,Geological Society of America
0,8138,Iowa State University Press
0,8139,University Press of Virginia
0,8141,National Council of Teachers of English
0,8142,Ohio State University Press
0,8143,Wayne State University Press
0,8144,AMACOM (American Management Association)
0,8146,Liturgical Press
0,8147,New York University Press
0,8149,Vanguard Press
0,8150,Wittenborn
0,8151,Year Book Medical Publishers
0,8152,Apollo Editions
0,8153,Garland Publishing
0,8154,Cooper Square Press
0,8155,Noyes Data Corporation
0,8156,Syracuse University Press
0,8157,Brookings Institution Press
0,8160,Facts on File
0,8161,G. K. Hall
0,8162,Holden-Day
0,8164,Seabury Press
0,8165,University of Arizona Press
0,8166,University of Minnesota Press
0,8169,American Institute of Chemical Engineers
0,8170,Judson Press
0,8173,University of Alabama Press
0,8174,Amphoto
0,8176,Birkhäuser Verlag
0,8179,Hoover Institution Press
0,8180,Horizon Press
0,8184,L. Stuart
0,8185,Brooks/Cole Publishing
0,8186,IEEE Computer Society Press
0,8189,Alba House
0,8190,Fides/Claretian
0,8191,University Press of America
0,8192,Morehouse Publishing
0,8194,SPIE Optical Engineering Press
0,8195,Wesleyan University Press
0,8196,Biblo and Tannen
0,8197,Bloch Publishing
0,8198,Pauline Books & Media
0,8199,Franciscan Herald Press
0,8201,Scholars' Facsimiles & Reprints
0,8203,University of Georgia Press
0,8204,P. Lang
0,8205,LexisNexis
0,8206,Chemical Publishing
0,8207,Duquesne University Press
0,8211,McCutchan Publishing
0,8212,"New York Graphic Society, Bulfinch Press"
0,8213,World Bank
0,8214,Ohio University Press
0,8216,Carol Communications
0,8218,American Mathematical Society
0,8220,Cliffs Notes
0,8221,Dickenson Publishing
0,8222,Dramatists Play Service
0,8223,Duke University Press
0,8224,Fearon Publishers
0,8225,Lerner Publications
0,8226,"Littlefield, Adams"
0,8229,University of Pittsburgh Press
0,8230,"Watson-Guptill Publications, Billboard Books (also 0-8231 and 0-89820), Back Stage Books"
0,8231,Billboard Books
0,8232,Fordham University Press
0,8234,Holiday House
0,8236,International Universities Press
0,8240,Garland Publishing
0,8242,H. W. Wilson Company
0,8243,Annual Reviews Inc.
0,8245,Crossroad Publishing
0,8246,Jonathan David Publishers
0,8247,Marcel Dekker
0,8248,University Press of Hawaii
0,8249,Ideals Publications
0,8253,Beaufort Books
0,8254,Kregel Publications
0,8256,Oak Publications
0,8258,Carl Fischer Music
0,8260,Ronald Press
0,8261,Springer Publishing
0,8262,University of Missouri Press
0,8263,University of New Mexico Press
0,8264,Continuum
0,8265,Vanderbilt University Press
0,8266,Kehot Publication Society
0,8267,United Bible Societies
0,8269,American Technical Society
0,8270,Organization of American States: General Secretariat
0,8272,Chalice Press
0,8273,Delmar Publishers
0,8276,Jewish Publication Society of America
0,8278,Richard Pflaum Verlag
0,8281,American Heritage Publ.
0,8283,Branden Press
0,8285,Mir Publishers
0,8289,S. Greene Press
0,8290,Irvington Publishers
0,8294,Loyola University Press
0,8295,Press of Case Western Reserve University
0,8298,Pilgrim Press
0,8299,West Publishing
0,8302,Goodyear Publishing
0,8303,Fleet Press
0,8304,Nelson-Hall
0,8306,Tab Books
0,8307,Regal Books
0,8308,Inter-Varsity Press
0,8309,Herald Publishing
0,8310,Howell-North Books
0,8311,Industrial Press
0,8314,Science and Behavior Books
0,8315,R. Speller
0,8317,Mayflower Books
0,8323,Binfords & Mort
0,8329,WBusiness Books
0,8330,RAND Corporation
0,8337,Burt Franklin
0,8341,Beacon Hill Press of Kansas City
0,8342,Aspen Publishers
0,8343,Funk & Wagnalls
0,8348,John Weatherhill
0,8351,Foreign Languages Press (China)
0,8352,Bowker Publishing
0,8356,Theosophical Publishing House
0,8357,University Microfilms International (UMI)
0,8359,"Reston Publishing, Intel Corporation"
0,8361,Herald Press
0,8362,Andrews and McMeel
0,8364,South Asia Books
0,8368,Gareth Stevens
0,8369,Books for Libraries Press
0,8371,Greenwood Press
0,8376,Robert Bentley
0,8377,Fred B. Rothman
0,8379,Marquis Who's Who
0,8383,Haskell House Publishers
0,8384,Heinle & Heinle
0,8385,Appleton & Lange
0,8386,Fairleigh Dickinson University Press
0,8387,Bucknell University Press
0,8388,Educators Publishing Service
0,8389,American Library Association
0,8390,Allanheld & Schram
0,8391,University Park Press
0,8396,C. A. Jones Publishing
0,8398,Gregg Press
0,8401,H. R. Allenson
0,8402,Nash Publishing
0,8403,Kendall/Hunt Publishing
0,8405,Presses de l'Université de Montréal
0,8407,Thomas Nelson Publishers
0,8408,Carrollton Press
0,8410,Markham Publishing
0,8412,American Chemical Society
0,8414,Folcroft Library Editions
0,8415,Saturday Review Press
0,8419,Africana Publishing
0,8420,Scholarly Resources
0,8422,MSS Information Corp.
0,8423,Tyndale House Publishers
0,8425,Brigham Young University Press
0,8428,Cambridge Book Company
0,8434,McGrath Publishing
0,8436,CBI Publishing (Cahners??) (US)
0,8442,National Textbook Company
0,8444,Library of Congress
0,8446,Peter Smith
0,8447,American Enterprise Institute for Public Policy Research
0,8448,"Crane, Russak"
0,8450,Broude Brothers
0,8451,Alan R. Liss
0,8453,Cornwall Books
0,8456,Sadtler Research Laboratories
0,8457,Yale University: Beinecke Rare Book and Manuscript Library
0,8459,Williams Publishing House
0,8462,Russell & Russell
0,8464,Beekman Publications
0,8465,Benjamin Cummings Publishing
0,8467,Paddington Press
0,8476,Rowman & Littlefield
0,8477,Editorial de la Universidad de Puerto Rico
0,8478,A. Rizzoli
0,8482,Norwood Editions
0,8490,Gordon Press
0,8492,R. West
0,8493,CRC Press
0,8497,Pallma Music
0,8499,Word Books
0,85010,Haynes Publishing Group
0,85025,Tor Mark Press
0,85033,Phillimore & Co
0,85036,Merlin Press
0,85039,Geographers' A-Z Map Company
0,85045,Osprey Publishing
0,85052,Leo Cooper
0,85054,Alan Godfrey Maps
0,85059,Patrick Stephens
0,85100,Derbyshire Countryside Ltd
0,85105,Dolmen Press / Colin Smythe Ltd
0,85112,Guinness Publishing
0,85115,Boydell Press/Adam Books
0,85130,Air Britain (Historians) Ltd.
0,85153,Bradford Barton
0,85157,Clive Bingley
0,85170,BFI Publishing
0,85174,"Brown, Son & Ferguson"
0,85177,Conway Maritime Press
0,85195,Co-operative College
0,85206,Dalesman Books
0,85223,Ebury Press
0,85244,Gracewing
0,85263,Shire Publications
0,85296,Institution of Electrical Engineers
0,85303,Vallentine Mitchell
0,85323,Liverpool University Press
0,85329,London Transport
0,85331,Lund Humphries
0,85334,Applied Science Publishers
0,85361,Oakwood Press
0,85364,William B. Eerdmans Publishing
0,85368,Arms and Armour Press
0,85369,Pharmaceutical Press
0,85372,Pitkin Pictorials
0,85404,The Royal Society of Chemistry
0,85423,Selden Society
0,85427,John Sherratt and Son
0,85431,Society of Antiquaries of London
0,85490,"Wildy, Simmonds and Hill Publishing"
0,85496,Wolff
0,85527,Harvester Press
0,85575,Australian Institute of Aboriginal Studies
0,85600,University of York
0,85617,White Lion Publishers Limited
0,85670,Vendome Press
0,85683,Shepheard-Walwyn
0,85685,Marshall Cavendish Books
0,85696,Haynes Publishing Group
0,85704,Halsgrove
0,85723,Hermes House
0,85724,Emerald Group Publishing
0,85763,Nosy Crow
0,85794,Silver Link Publishing
0,85905,Hesperian Press
0,85924,Dove Communications
0,85934,Bernard Babani (Publishing) Ltd
0,85941,"Martin Books, Simon & Schuster International Group"
0,85950,Stanley Thornes
0,85965,"Plexus, US"
0,85983,Frank Graham
0,86000,Usborne Publishing Ltd.
0,86001,Babylon Books
0,86005,Celtic Educational Services
0,86020,Usborne Publishing
0,86023,Barracuda Books
0,86055,"Archaeological Service, Suffolk County Council"
0,86068,Virago Press
0,86080,Wiltshire County Council
0,86084,Estate Publications
0,86091,Verso Books
0,86093,OPC (Oxford Publishing Co.)
0,86095,OPC (Oxford Publishing Co.)
0,86101,Salamander Books
0,86104,Pluto Press
0,86124,Bison Books
0,86136,Galley Press
0,86140,Colin Smythe Limited
0,86143,English Tourist Board
0,86145,The Automobile Association
0,86152,Acair Ltd
0,86153,Saint Andrew Press
0,86157,Countryside Publications
0,86166,Knockabout Comics
0,86178,Cathay Books
0,86196,John Libbey
0,86227,Grandreams
0,86228,Heraldic Art Press
0,86241,Canongate
0,86243,Y Lolfa Cyf
0,86248,Lyle Publications
0,86272,Kingfisher Books
0,86273,Hennerwood Publications
0,86281,Appletree Press
0,86299,Alan Sutton
0,86318,Dorling Kindersley
0,86350,Webb & Bower
0,86367,Telegraph Books
0,86369,Virgin Books
0,86516,Bolchary - Carducci Publishers
0,86547,North Port Press
0,86565,Vendome Press
0,86571,New Society Publishers
0,86597,Liberty Fund
0,86612,American Hotel & Lodging Educational Institute
0,86716,Saint Anthony Messenger Press
0,86719,Retro Systems
0,87013,Michigan State University Press
0,87021,Naval Institute Press
0,87029,Abbey Press
0,87054,Arkham House
0,87061,Ave Maria Press
0,87068,Ktav Publishing
0,87070,The Museum of Modern Art
0,87099,Metropolitan Museum of Art
0,87113,"Grove/Atlantic, Inc."
0,87116,National Railroad Passenger Corporation (Amtrak)
0,87127,Princeton Book Company
0,87177,Sierra On-Line Inc.
0,87192,Davis Publications
0,87249,University of South Carolina Press
0,87262,American Society of Civil Engineers
0,87289,CQ Press
0,87322,Human Kinetics
0,87337,Nolo Press
0,87348,Pathfinder Press
0,87349,KP Books
0,87352,The Modern Language Association of America
0,87364,Paladin Press
0,87398,Sword of the Lord
0,87413,University of Delaware Press
0,87414,Iowa Institute of Hydraulic Research
0,87451,University Press of New England
0,87480,The University of Utah Press
0,87510,The Christian Science Publishing Society
0,87526,"Gould Publications, Inc."
0,87542,Llewellyn Worldwide
0,87579,Deseret Book
0,87580,Northern Illinois University Press
0,87584,Harvard Business School Press
0,87685,Black Sparrow Press
0,87779,G. & C. Merriam Co.
0,87793,Ave Maria Press
0,87813,Christian Light Publications
0,87830,Theatre Arts Books
0,87833,Taylor Publishing Company
0,87840,Georgetown University Press
0,87842,Mountain Press Publishing Co.
0,87857,Rodale Press
0,87893,Sinauer Associates
0,87910,Limelight Editions
0,87930,Backbeat Books
0,87938,Motorbooks International
0,87946,ACTA Publications; Jade-Milan Records
0,87951,9 Overlook Press
0,87973,Our Sunday Visitor
0,87975,Prometheus Books
0,87985,Eastman Kodak Company
0,88022,Que Corporation
0,88033,Boulder East European Monograph
0,88038,Wizards of the Coast
0,88125,Ktav Publishing House
0,88145,Broadway Play Publishing Inc
0,88146,Mercer University Press
0,88163,Analytic
0,88175,Computer Science Press
0,88176,Publications International
0,88266,Storey Books/Storey Communications
0,88271,Regina Press
0,88286,University of Michigan Press
0,88289,Pelican Publishing Company
0,88295,Harlan Davidson Inc
0,88344,Orbis Books
0,88373,Stonehill
0,88385,Mathematical Association of America
0,88489,St. Mary's Press
0,88706,State University of New York Press
0,88727,Cheng & Tsui Company
0,88738,Transaction Publishers
0,88740,Schiffer Publishing
0,88754,Playwrights Canada Press
0,88784,Anansi
0,88910,Coach House Press
0,88850,Reader's Digest Association
0,88922,Talon Books Ltd.
0,88937,Hogrefe & Huber Publishers
0,88946,The Edwin Mellen Press
0,88997,Canadian Conference of Catholic Bishops
0,89024,Kalmbach Publishing Company
0,89093,University Publications of America
0,89107,Crossway Books
0,89204,Sporting News Books
0,89221,New Leaf Press
0,89234,National Journal Group
0,89236,J. Paul Getty Museum
0,89243,Liguori Publications
0,89272,Down East Books
0,89281,Inner Traditions Lindisfarne Press
0,89283,"Servant Books (Now part of Franciscan Media), S.O.S. Free Stock"
0,89341,Longwood
0,89347,Mindful Press
0,89385,Sherwood Sugden & Co
0,89390,Resource Publications
0,89479,A&W Publishers
0,89486,Hazelden Foundation
0,89490,"Enslow Publishers, Inc."
0,89555,TAN Books and Publishers
0,89603,Humana Press
0,89622,Twenty-Third Publications
0,89721,Ortho Books
0,89747,Squadron/Signal Publications
0,89791,Association for Computing Machinery
0,89815,Ten Speed Press
0,89818,Center for Civic Education
0,89820,Biboard Books
0,89839,Battery Press
0,89870,Ignatius Press
0,89871,Society for Industrial and Applied Mathematics
0,89906,Mesorah Publications
0,89930,Quorum Books
0,89942,Catholic Book Publishing
0,89997,Wilderness Press
0,900162,Bernards (Publishers) Ltd
0,900197,Bristol and Gloucestershire Archaeological Society
0,900214,British Postmark Society
0,900265,British Cave Research Association
0,900322,Chelsea Green Publishing
0,900382,Franey & Co Ltd
0,900384,Freedom Press
0,900389,Gallery Press
0,900404,Goose & Son Publishers
0,900409,Frank Graham
0,900609,Quail Map Company
0,900627,Roundhouse Books
0,900675,Colin Smythe Limited
0,900771,University of Exeter
0,901072,Colin Smythe Limited
0,901096,Industrial Railway Society
0,901115,Railway Correspondence and Travel Society
0,901144,Health Protection Agency
0,901272,"Centre for North-West Regional Studies, University of Lancaster"
0,901283,Railway Development Society
0,901333,Wiltshire Record Society
0,901347,North West Civic Trust
0,901428,Peak Park Joint Planning Board
0,901673,Manchester City Galleries
0,901793,Yorkshire Evening Press
0,901800,"Centre for North-West Regional Studies, University of Lancaster"
0,901824,James Thin and Mercat Press
0,901878,Society of Genealogists
0,901906,Industrial Railway Society
0,902129,Dorset Publishing
0,902228,Lancashire County Council
0,902358,Radar Promotions
0,902363,Cicerone Press
0,902751,Nottinghamshire County Council
0,902793,Book Rivers Museum
0,902835,Historical Model Railway Society
0,902888,OPC (Oxford Publishing Co.)
0,902920,Abson Books
0,903102,Dance Books
0,903141,Granta Publications
0,903319,Calouste Gulbenkian Foundation
0,903479,D.W. Willoughby and E.R. Oakley
0,903505,PBI Publications/Expert Books
0,903598,National Gallery of Scotland
0,903623,Potato Marketing Board
0,903652,Health Education Authority
0,903903,Society of Antiquaries of Scotland
0,904002,Richard Drew Publishing
0,904069,Ash and Grant
0,904093,Lloyd's of London Press Ltd.
0,904335,Central Lancashire Development Corporation
0,904579,The Housman Society
0,904711,Capital Transport Publishing
0,905205,Francis Cairrns Publications
0,905235,Leigh Local History Society
0,905243,Glamorgan Archive Service
0,905280,Southampton University Industrial Archeology Group
0,905435,DP Publications
0,905455,Yorkshire Dales National Park Committee
0,905466,Avon-Anglia
0,905521,Exley Publications
0,905522,Robert Nicholson Publications
0,905555,National Maritime Museum
0,905617,The World Ship Society
0,905715,Van Duren Publishers / Colin Smythe Ltd
0,905777,G W & A Hesketh
0,906025,Peter Watts Publishing
0,906047,Croydon Natural History & Scientific Society Ltd.
0,906138,Scepter Publishers
0,906198,J. Salmon
0,906154,BPI Ltd. British Phonographic Industry
0,906169,Glasgow City Libraries and Archives
0,906294,Twelveheads Press
0,906337,Leisure Studies Association (LSA)
0,906375,Diesel & Electric Group
0,906395,Hart & Allen
0,906454,Monkswood Press
0,906506,Cameron & Hollis
0,906520,Middleton Press
0,906579,Platform 5 Publishing Ltd
0,906591,Signal Press
0,906710,Ravette Limited
0,906782,Granta Editions
0,906867,Wild Swan Publishing
0,906881,Helmshore Local History Society
0,906883,Rail Photoprints
0,906899,Atlantic Transport Publishers
0,906976,Doncaster Books
0,906988,Southern Electric Group
0,907115,"David & Charles, Plc."
0,907328,National Library of Ireland
0,907347,Transport 2000
0,907503,Campden BRI
0,907511,Neil Richardson
0,907554,Alan Godfrey Maps
0,907586,Tressell Publications
0,907610,Titan Books
0,907651,House of Lochar
0,907689,Toccata Press
0,907764,Society for the Promotion of Roman Studies
0,907768,Countyvise
0,907771,Maritime Books
0,907864,Wayzgoose
0,908031,Turton & Armstrong Pty.
0,909969,Cycleserv Publications
0,911051,Plain View Press
0,911104,Workman Publishing
0,911137,Imagine
0,911682,Advent Publishers
0,911747,Broadway Press
0,912861,American Society of Plant Taxonomists
0,913460,Pathfinder Press
0,913589,Williamson Publishing
0,913720,Frederic C. Beil
0,914512,YIVO Institute for Jewish Research
0,914646,Bélier Press
0,915144,Hackett Publishing Company
0,915388,ACTA Publications
0,915552,Association for Consumer Research
0,916397,Manic D Press
0,916856,"Alcoholics Anonymous World Services, Inc."
0,917048,Washington State Historical Society
0,917124,Industrial Workers of the World
0,917510,Bell Springs Publishing
0,918344,Costello Publishing Company
0,918400,Croom Helm
0,919415,Proclaim Publications
0,919783,Boston Mills Press
0,919957,HMS Press (London)
0,921191,H. Cuff
0,922915,Feral House
0,923891,Ishi Press
0,927609,Atomic Fez Publishing
0,929270,Motorola
0,929279,VIZ Comics
0,930289,DC Comics
0,930313,McBride/Publisher
0,930358,The Spoon River Press
0,930467,Liturgy Training Publications
0,931194,Blue Sky
0,931340,Amadeus Press
0,932085,Word Among Us Press
0,932323,Red Letter Press
0,932412,Mayapple Press
0,932416,McSweeney's
0,932592,Klutz Press
0,932766,Institute for Creation Research
0,932813,Adventures Unlimited Press
0,933932,Scepter Publishers
0,934244,VIZ Pictures
0,934710,Joseph Simon Pangloss Press
0,934781,McSweeney's
0,935166,Storm King Press
0,935696,Wizards of the Coast
0,935697,Midwest Villages & Voices Publications
0,935971,Amber Book Company
0,936071,Gryphon Press
0,936365,McSweeney's
0,936534,University of Michigan
0,937381,Brewers Publications
0,937548,"Plexus Publishing, Inc."
0,938289,Da Capo Press
0,938731,Laramidia Press
0,939516,Forest of Peace Publishing (an imprint of Ave Maria Press)
0,939950,Mineralogical Society of America
0,940112,Gingerbread House
0,940669,Dramaline Publications
0,940866,University of Scranton Press
0,941478,Paraclete Press
0,941952,Walthers
0,942364,Hesperian Health Guides
0,942597,White Mane Publishing
0,943432,Slack Incorporated
0,944203,Marian Press
0,946133,Lakeland Publishing Company
0,946148,Poppyland Publishing
0,946184,Kingfisher Railway Publications
0,946219,Key Publishing
0,946289,Mr Pye Books
0,946351,John Ritchie Ltd
0,946361,Willow Publishing
0,946378,TCL Publications
0,946537,David St John Thomas also Atlantic Transport Publishing
0,946719,Firefly Publishing
0,947336,Aussie Books
0,947352,Hill House Pub
0,947543,International Federation of Anti-Leprosy Associations
0,947699,Connor & Butler Specialist Publishers
0,947757,Atlas Press
0,947882,Belair Publications
0,947971,Silver Link Publishing
0,948135,Leading Edge Press and Publishing
0,948251,Picton Publishing
0,948265,White Tree Books/Redcliffe Press
0,948456,Ravette Publishing
0,948764,Hayloft Press
0,948789,Carnegie Press/Carnegie Publishing
0,948904,P. E. Waters & Associates
0,948946,Archive Publications
0,948965,Gillian Cutress & Rolf Stricker
0,948975,Millstream Books
0,949330,Tabor Publications
0,9500466,Panel on Takeovers and Mergers
0,9502376,Southern Electric Group
0,9502960,Sten Valley Press
0,9504226,John Gagg
0,9507692,Landy Publishing
0,9507714,P M Heaton
0,9507802,The London Brick Company
0,9508448,Association for Industrial Archaeology
0,9508913,Laura Ashley Ltd.
0,9509801,Brunswick Printing & Publishing Co. Ltd.
0,9510835,V G Saundercock
0,9511642,Anne Bradley
0,9511777,Pageprint (Watford) Ltd.
0,9513366,Moir Crawford
0,9517601,Food Safety Advisory Centre
0,9518339,Age Concern Lancashire
0,9518382,Arley Hall Press
0,9518476,Blackburn Borough Council
0,9519345,Amadorn
0,9519713,Harold Bridges
0,9521757,Brambletye Publishing
0,9523226,I.N.F.A.C.T. Medical
0,9523577,Gildersleve Publishing
0,9523912,Eclat Initiatives
0,9524466,K E Keenan
0,9525492,Matchless Recordings and Publishing
0,9525860,Jeneva Publishing
0,9526187,Wyre Publishing
0,9526262,Kenwood Limited
0,9528228,The Outstanding Map
0,9528574,Andrew Taylor
0,9528930,Association for Industrial Archaeology
0,9529333,Triangle Publishing
0,9529503,Blackburn and Darwen Schools' Football Association
0,9530119,Moorfield Press
0,9530528,BackCare (sic)
0,9531457,Novelangle
0,9531719,Jack Wilcock
0,9531801,East Kent Maritime Trust
0,9533047,J M Ormston
0,9534503,Stephen R. Morrin
0,9535974,East Linton Local History Society
0,9536743,Reword Publishers
0,9537098,Oxford Press
0,9537484,Skipton Millennium Task Force
0,9539978,Scottish Trust for Archaeological Research
0,9540418,British Lichen Society
0,9540420,British Art Journal
0,9541036,Cotswold Quality (Leisure) Ltd
0,9541254,Old Light Press
0,9541362,Bank of Ideas
0,9541809,Wood Education Programme Trust
0,9542453,Theme Trades
0,9542946,Republican Publications
0,9544641,Leeds Guide
0,9545383,Wayzgoose
0,9545575,Windgather Press
0,9547122,Soundplay Books
0,9549042,Diverse Media
0,9549059,E Rose
0,9549404,The Good Hotel Guide Ltd
0,9549451,Peter Taylor Publications
0,9549606,Wildfire Communications
0,9549650,Chartex Products International Ltd
0,9549866,Trackmaps
0,9550081,Triarchy Press
0,9550221,Mortons of Horncastle
0,9550560,The Society of London Theatre
0,9550938,The Ruskin Foundation
0,9551753,Form
0,9552186,Longtail
0,9552233,Booksellers Association
0,9552283,Otago Publishing
0,9552354,Ty Mawr Publications
0,9552868,Mortons Media Group Ltd
0,9552889,Community Links
0,9553534,Cotswold Archaeology
0,9553561,Merchiston Publishing
0,9554110,Kevin Robertson Books
0,9554955,Coombe Hill Pub.
0,9555297,Four Points Ramble Association
0,9555481,WRTH Publications Ltd
0,9555485,Archaeological Development Services Ltd
0,9555851,Friends of John Muir's Birthplace
0,9556546,Albion Archaeology
0,9556646,Wimbledon College of Art
0,9557182,CMCS Publications (Aberystwyth University)
0,9557441,Martin & Craigie-Halkett
0,9557466,Food Solutions Publishing Ltd
0,9557740,DVV Media Group
0,9558224,Michael Rubenstein Pub.
0,9558668,Association of Archaeological Illustrators & Surveyors
0,9558916,Splendid Books
0,9558926,Chelsea Publishing
0,9559017,P3 Publications
0,9559171,Little Northern Books
0,9560333,Incisive Media Publications
0,9560722,Imperator Publishing
0,9560978,Corella Ltd.
0,9561943,MuseumsEtc
0,9561965,On-Site Archaeology
0,9562143,Colin Bamford
0,9562239,Institute of Advanced Motorists
0,9562826,Belvoir Vale Publishing
0,9563582,Pre-Construct Archaeology (Lincoln)
0,9563730,University of St Andrews
0,9563901,The Caravan Gallery
0,9564842,Booksellers Association
0,9565000,Centaur Media
0,9565541,Showcase Database
0,9566049,Millstream Publications
0,9566889,Chris Rudd
0,9571735,International News Safety Institute (INSI)
0,9578766,Moon Adventure Publications
0,9582692,Spinal Publications
0,9598960,Geo H. O'Donnell
0,9599079,Nautical Association of Australia
0,9610352,Garcia / American Fantasy Press
0,9614719,Aerobics and Fitness Association of America
0,9615197,Grief Watch
0,9616286,"Roman, Inc."
0,9624096,Bilingual Language Materials
0,9627613,Sarpedon
0,9631589,The Bloomsbury Review
0,9637840,Write Brain Publishers
0,9639763,Greenery Press
0,9639795,Department of Portable Antiquities and Treasure
0,9642006,Arcus Publishing
0,9642610,Basilica Press
0,9645960,Mystic Rose Books
0,9647292,Windblown Media
0,9651972,Uversa Press
0,9653429,Book Emporium Press
0,9655889,A Sandy Bottom Press Design
0,9659228,Ascension Press
0,9663533,Ambassador House
0,9667840,Eisenbrauns also Enlil Press
0,9667982,The Caddis Press
0,9670170,Recess Records
0,9676622,Steel Cage Books
0,9689247,Matrix Productions
0,9694763,Islamic Shia Ithna-Asheri Jamaat of Toronto
0,9695104,Empty Mirror Press
0,9696421,"Mobile Command Headquarters, Canadian Armed Forces"
0,9703355,McSweeney's
0,9703751,Celtic Dragon Press
0,9705392,PEEP! Press
0,9710896,Food-Medication Interactions
0,9714010,Hand Books Press
0,9716974,Is It Gonna Hurt? Publishers
0,9717650,Aberjona Press
0,9719047,McSweeney's
0,9723298,Cherry Hill Publishing
0,9725898,Vince Emery Productions
0,9727047,Jeffrey Taylor
0,9727193,Super Techno Arts
0,9728447,Called by Joy
0,9729679,New American Press
0,9737787,Ninjalicious
0,9738649,Variant Press
0,9750965,Ballistic Publishing
0,9755995,Alliance Publishing Group
0,9760357,Relevant Media Group
0,9766984,Dark Moon Press
0,9767525,Alaska Geobotany Center (University of Alaska Fairbanks)
0,9771611,Amber Book Company
0,9776166,The Pragmatic Programmer
0,9778682,Synthetic Worlds
0,9778727,Mystic Productions
0,9777238,BDSM Press
0,9777649,KoPubCo
0,9779074,The Tayler Corporation
0,9780735,Jingle Cats
0,9780937,Latex Lair Publishing
0,9780988,"Waterloo Regional Pictures Entertainment, Inc."
0,9788192,"Swabhimani Publication,"
0,9781813,Red and Black Publishers
0,9782026,Crackjaw Publishing
0,9787392,The Pragmatic Programmer
0,9788968,Ferine Books
0,9790468,Mark Butty Publisher
0,9795393,Synthetic Worlds
0,9796163,Bazillion Points Books
0,980788,United States Conference of Catholic Bishops
0,9811597,Atomic Fez Publishing
0,9814256,Rebel e Publishers
0,9816003,Winterlake Press
0,9817924,Ringing Bell Press
0,9818156,Fairand Books
0,9820151,Two Dollar Radio
0,9821005,Synthetic Worlds
0,9822152,VoidMaster Publishing (AKA: VacuoDominus Publishing)
0,9825036,CPsquare
0,9825442,Microsoft Research
0,9825650,Vince Emery Productions
0,9827198,Bryan Feldman
0,9829767,DSRS Publishing
0,9830086,Cherry Hill Publishing
0,9834112,Practical Green Press
0,9834720,National Health Law Program
0,9836185,"Grey Gecko Press, LLC"
0,9838229,The Film Collaborative
0,9840313,George A. Hart Publishing
0,9841318,Beacon Publishing
0,9841707,Christus Publishing
0,9842323,Okudens House Publishing
0,9842945,Anaskimin
0,9843759,Cherry Hill Publishing
0,9854400,"Grey Gecko Press, LLC"
0,9859881,Pencey X Publishing
0,9865266,Azore's Crown Publishing
0,9866424,Atomic Fez Publishing
0,9867616,The People's Picture Company Inc.
0,9882870,Cappella Books
0,9887167,Thoughtcrime Press
0,9894698,MoonLit Press
0,9896415,Button Poetry
0,9896950,Short Flight/Long Drive Books (A division of Hobart)
0,9905479,"Pied Piper, Inc."
0,9911628,Berryhill Publishing
0,9917066,Lise Heroux
0,9917419,Ammonite Films Publishing
0,9931948,RISC OS Open Limited
0,9957790,Judith Vanderman Ltd
0,9973160,Code Energy LLC
0,9992014,Kanika African Sculptures (KAS)
1,1,Pyramid Books
1,2,Berkley Publishing
1,4,Popular Library
1,5,DAW Books
1,6,Uncertain
1,7,Uncertain
1,105,Lulu.com
1,107,Cambridge University Press
1,111,Delmar
1,118,For Dummies
1,138,Routledge
1,150,"General Books, LLC"
1,151,"General Books, LLC"
1,152,"General Books, LLC"
1,153,"General Books, LLC"
1,178,Verso
1,226,University of Chicago Press
1,319,MacMillan
1,337,Cengage
1,338,Scholastic
1,4000,Random House
1,4003,Thomas Nelson
1,4012,DC Comics
1,4013,Miramax Books
1,4020,Springer
1,4021,Adamant Media Corporation
1,4027,Sterling Publishing
1,4039,Palgrave Macmillan
1,4049,Columbia TriStar Home Entertainment
1,4050,Macmillan Publishers
1,4051,Blackwell Publishing
1,4052,Egmont UK
1,4053,Dorling Kindersley
1,4054,Parragon
1,4055,Time Warner Audiobooks
1,4057,LexisNexis
1,4058,Pearson Education
1,4071,Scholastic
1,4073,Archeopress
1,4075,Parragon
1,4080,Cengage Learning
1,4081,Bloomsbury Publishing
1,4088,Bloomsbury Publishing
1,4089,Harlequin
1,4091,Orion Books
1,4093,Dorling Kindersley
1,4098,Department for Communities and Local Government
1,4099,Dodo Press
1,4102,"University Press of the Pacific or, occasionally, Combat Studies Institute and USACGSS"
1,4107,Authorhouse
1,4114,Spark Publishing
1,4120,Trafford
1,4127,Publications International
1,4128,Transaction Publishers
1,4129,SAGE Publications
1,4133,"U.S. Government, Dept. of Interior"
1,4134,Xlibris
1,4139,"A.D. Vision, Inc."
1,4143,Tyndale
1,4157,Paramount Pictures/DreamWorks Animation
1,4158,LifeWay Press
1,4160,Saunders
1,4165,Simon & Schuster
1,4169,Simon & Schuster
1,4170,Universal Studios
1,4185,Thomas Nelson
1,4196,BookSurge
1,4197,Amulet Books
1,4198,Warner Bros. Entertainment
1,4200,CRC Press
1,4210,"FUNimation Productions, Ltd."
1,4215,"VIZ Media, LLC"
1,4231,Disney Editions
1,4244,IEEE
1,4248,Sony Picture Home Entertainment
1,4249,ServiceOntario?
1,4250,ReadHowYouWant
1,4253,Kessinger Publishing
1,4264,"BiblioBazaar, now part of Amazon.com"
1,4268,Harlequin
1,4262,National Geographic Society
1,4278,TOKYOPOP Inc.
1,4288,Rico Publications
1,4292,W.H. Freeman and Company
1,4302,Apress
1,4335,Crossway
1,4343,AuthorHouse
1,4351,Barnes & Noble
1,4354,Cengage Learning
1,4359,Sony Picture Home Entertainment
1,4377,Saunders
1,4384,State University of New York
1,4331,Peter Lang Publishing
1,4392,Booksurge Publishing
1,4398,Productivity Press
1,4399,Temple University Press
1,4419,Springer
1,4426,University of Toronto Press
1,4432,"General Books, LLC"
1,4438,Cambridge Scholars Publishing
1,4447,Hodder & Stoughton
1,4454,Parragon
1,4456,Amberley Publishing
1,4457,Lulu.com
1,4461,Lulu.com
1,4509,"General Books, LLC"
1,4516,Simon & Schuster
1,4576,Bedford-St. Martin's: an imprint of MacMillan
1,4590,"General Books, LLC"
1,4592,Harlequin
1,4627,CrossBooks
1,4635,Renown Publishing (via Create Space)
1,4644,"Enslow Publishers, Inc."
1,4723,Parragon
1,4725,Bloomsbury Publishing
1,4729,Bloomsbury Publishing
1,4736,Hodder & Stoughton
1,4738,Pen and Sword Books
1,4742,Bloomsbury Publishing
1,4843,Tyndale House Publishers
1,4921,Create Space (via Amazon.com)
1,5098,Pan Macmillan
1,5332,Create Space (via Amazon.com)
1,55022,ECW Press
1,55041,Fitzhenry & Whiteside Ltd.
1,55046,Boston Mill Press
1,55054,Douglas & McIntyre
1,55081,Breakwater Books Ltd.
1,55105,Lone Pine Publishing
1,55111,Broadview Press
1,55125,Van Well Publishing
1,55164,Black Rose Books
1,55166,MIRA; Harlequin
1,55186,Polestar Calendars Ltd.
1,55198,MapArt
1,55209,Firefly Books
1,55245,Coach House Books
1,55263,Key Porter Books
1,55267,Key Porter Books (Prospero Books)
1,55278,McArthur & Co
1,55285,Whitecap Books
1,55297,Firefly Books
1,55322,Captus Press
1,55380,Ronsdale Press
1,55407,Firefly Books
1,55444,Quality Special Products
1,55486,Canadian Cartographics Corporation
1,55488,Dundurn Press
1,55570,Neal-Schuman Publishers
1,55583,Alyson Books
1,55587,Lynne Rienner Publishers
1,55597,Graywolf Press
1,55615,Microsoft Press
1,55634,"Steve Jackson Games, Inc."
1,55642,SLACK Incorporated
1,55652,A Cappella Book
1,55665,Fireside Bibles
1,55704,Newmarket Press
1,55722,"Warner Home Video, Incorporated"
1,55725,Paraclete Press
1,55739,Blair and Associates
1,55742,"Starmont House, Inc (also Borgo Press)"
1,55748,Barbour Books
1,55778,Parragon House Publishers
1,55783,Applause Books
1,55788,HPBooks
1,55821,The Lyons Press
1,55832,The Harvard Common Press
1,55840,The Criterion Collection/Janus Films
1,55849,University of Massachusetts Press
1,55851,M&T Publishing
1,55852,National Press Publications
1,55861,The Feminist Press
1,55870,F+W
1,55890,"Buena Vista Home Entertainment, Inc."
1,55902,Aerie Books Ltd.
1,55963,Island Press
1,56013,Olde Soldier Books
1,56039,Warner Home Video
1,56076,Wizards of the Coast
1,56085,Signature Books
1,56098,Smithsonian Institution Press
1,56101,Cowley
1,56138,Courage Books
1,56145,Peachtree Publishers
1,56159,Macmillan
1,56173,Publications International
1,56205,New Riders
1,56219,Central Park Media
1,56239,ABDO Publishing Company
1,56261,Avalon Travel Publishing
1,56333,Masquerade Books; Rhinoceros Books; Rosebud Books
1,56367,Fairchild Books Inc.
1,56389,DC Comics
1,56456,Kessinger Publishing
1,56458,Dorling Kindersley
1,56476,"Chariot Victor Publishing, now part of David C. Cook"
1,56496,Rockport Publishing
1,56512,Algonquin Books
1,56545,Music Educators National Conference
1,56548,New City Press
1,56563,Hendrickson Publishers
1,56567,AnimEigo
1,56591,Hollym International Corp. Hollym (publishing house)
1,56605,Rhino Home Video
1,56608,Meriweather Publishing
1,56686,Brady Games
1,56698,ACTEX Publications
1,56726,Management Concepts
1,56730,New Yorker Video
1,56792,"David R. Godine, Publisher"
1,56793,HAP/AUPHA: Health Administration Press / Association of University Programs in Health Administration
1,56821,Jason Aronson
1,56836,Kodanska International
1,56849,Buccaneer
1,56854,Liturgy Training Publications
1,56881,A. K. Peters
1,56929,"Pastoral Press, now part of Oregon Catholic Press"
1,56931,"VIZ Media, LLC"
1,56955,Charis Books
1,56975,Ulysses Press
1,56976,Chicago Review Press
1,56980,"Barricade Books, Inc."
1,57008,Deseret Book
1,57032,Nozomi Entertainment/RightStuf!
1,57035,Sopris West Educational Services
1,57058,Ignatius Press
1,57075,Orbis Books
1,57141,Runaway Spoon Press
1,57224,"New Harbinger Publications, Inc."
1,57230,Guildford Press
1,57231,Microsoft Press
1,57293,Discovery House Publishers
1,57322,Riverhead Books
1,57330,Epic Music Video
1,57387,"Information Today, Inc"
1,57423,"Black Sparrow Books – an imprint of David R. Godine, Publisher"
1,57455,USCCB Publishing
1,57482,Search Institute Press
1,57488,Potomac Books
1,57506,Eisenbrauns
1,57583,Twin Sisters
1,57610,The Coriolis Group
1,57673,Random House
1,57675,Berrett-Koehler Publishing
1,57731,New World Library
1,57766,"Waveland Press, Inc."
1,57800,Software Sculptors
1,57805,Sierra Club Books
1,57813,"A.D. Vision, Inc."
1,57856,Random House
1,57859,Visible Ink Press
1,57863,Weiser Books
1,57912,Black Dog & Leventhal Publishers
1,57918,Queenship Publishing Company
1,57954,Rodale
1,57965,Artisan
1,57989,Sirius Entertainment
1,57990,Lark Books
1,57992,Garratt Publishing
1,57999,GIA Publications
1,58005,Seal Press
1,58008,Ten Speed Press
1,58011,Creative Homeowner
1,58023,Jewish Lights Publishing
1,58042,Cardoza Publishing
1,58062,Adams Media Corporation
1,58083,Stampley
1,58115,Allworth Press
1,58134,Crossway Books
1,58194,"Gleim Publications, Inc"
1,58197,XAMonline
1,58234,Bloomsbury Publishing
1,58246,Tricycle Press
1,58322,Seven Stories Press
1,58330,Feldheim Publishers
1,58354,Bandai Entertainment
1,58367,Monthly Review Press
1,58388,Iconografix
1,58391,Psychology Press
1,58428,"Amherst Media, U.S."
1,58450,Charles River Media
1,58459,World Library
1,58456,Oak Knoll Press
1,58465,University Press of New England
1,58488,Chapman and Hall/CRC
1,58542,Jeremy P. Tarcher
1,58595,Twenty-Third Publications
1,58617,Ignatius Press
1,58640,Holman Bible Publishers
1,58648,PublicAffairs
1,58655,"Media Blasters (AnimeWorks, Kitty Video, Tokyo Shock)"
1,58663,Spark Publishing
1,58664,Central Park Media
1,58713,Cisco Press
1,58761,Ten Speed Press
1,58817,Trimark Home Video
1,58829,Humana Press
1,58838,NewSouth Books
1,58939,Virtualbookworm Publishing
1,58948,Ersi Press
1,58971,DEJ Productions
1,58997,Tyndale
1,59028,"William, James & Co"
1,59038,Deseret Book
1,59052,Waterbrook Multnomah
1,59059,Apress
1,59078,Boyd's Mills Press
1,59116,"VIZ Media, LLC"
1,59145,"Integrity Publishers, part of Thomas Nelson Publishers"
1,59182,TOKYOPOP Inc.
1,59185,Charisma House
1,59223,Thunder Bay Press
1,59240,Gotham Books
1,59241,"First Look Studios, Inc."
1,59253,Rockport Publishing
1,59257,"Alpha, part of Penguin Group"
1,59276,Our Sunday Visitor
1,59308,Barnes & Noble Classics
1,59317,Warner Press
1,59325,Word Among Us Press
1,59327,No Starch Press
1,59333,Gorgias Press
1,59376,Soft Skull
1,59385,The Guilford Press
1,59409,Bandai Entertainment Inc.
1,59417,Scepter Publishers
1,59435,Lions Gate Films
1,59444,Genius Products LLC.
1,59445,Genius Products LLC.
1,59451,Paradigm Publications (trade name of Birkenkamp & Co.)
1,59460,Carolina Academic Press
1,59471,Ave Maria Press
1,59496,Teora US
1,59569,Mondial
1,59580,Santa Monica Press
1,59582,Dark Horse Manga
1,59594,WingSpan Publishing
1,59596,"Changeling Press, LLC"
1,59614,Marians of the Immaculate Conception
1,59637,Silverback Books
1,59726,Island Press
1,59756,Plural Publishers
1,59780,Night Shade Books
1,59788,"Xenon Pictures, Inc."
1,59812,Nintendo of America Incorporated
1,59874,Left Coast Press
1,59883,Media Blasters
1,59922,Twin Sisters
1,59982,Saint Mary's Press
1,60126,Masthof Press
1,60135,United States Conference of Catholic Bishops
1,60142,Multnomah Books
1,60239,"Skyhorse Publishing, Inc"
1,60342,Storey Publishing
1,60399,Sidetrack Films
1,60406,Thieme Medical Publishers
1,60426,CQ Press
1,60478,Zagat Survey
1,60486,PM Press
1,60496,Bandai Entertainment Inc.
1,60547,Lippincott Williams & Wilkins
1,60566,Information Science Reference
1,60606,J. Paul Getty Museum and Getty Research Institute
1,60623,Guilford Press
1,60649,Business Expert Press
1,60660,Calla Editions
1,60670,Dolores Press
1,60831,Wolters Kluwer Health (US)
1,60876,Nova Science Publishers
1,60918,Guilford Press
1,61053,Blackbird Books
1,61197,Society for Industrial and Applied Mathematics
1,61262,Kodansha USA
1,61324,Nova Science Publishers
1,61530,Britannica Educational Publishing
1,61615,Sentai Filmworks
1,61634,Simply Charlotte Mason
1,61636,Franciscan Media
1,61638,FrontLine
1,61988,"Archie Comic Publications, Inc."
1,62079,Cherry Hill Publishing
1,62224,"Warner Home Video, Incorporated"
1,62249,The Educational Publisher Inc./Zip Publishing/Biblio Publishing
1,62404,"Warner Home Video, Incorporated"
1,62692,"Seven Seas Entertainment, LLC"
1,62698,Orbis Books
1,62700,Kalmbach Publishing Company
1,62738,"Archie Comic Publications, Inc."
1,62997,The Great Courses
1,63065,Pukiyari Editores/Publishers
1,63236,"Kodansha USA Publishing, LLC"
1,63248,A.D. Vision Inc.
1,63591,Pulp-Lit Inc.
1,64275,"Seven Seas Entertainment, LLC"
1,68155,Cloanto
1,68255,"Archie Comic Publications, Inc."
1,74110,New Holland Publishers
1,74175,Allen & Unwin
1,74179,Lonely Planet Publications pty
1,74220,Lonely Planet Publications pty
1,74237,Allen & Unwin
1,74257,New Holland Publishers
1,74305,Wakefield Press
1,77045,"General Books, LLC"
1,77007,Struik
1,78002,The Criterion Collection/Janus Films
1,78007,Open University
1,78022,Orion Books
1,78026,New Internationalist Publications
1,78032,Zed Books
1,78068,Intersentia Publishing
1,78125,Profile Books Ltd
1,78131,Aurum Press
1,78145,Ammonite Press
1,78168,Verso Books
1,78201,Evertype
1,78243,Michael O'Mara Books
1,78249,Ryland Peters & Small
1,78329,Titan Books
1,78341,Priddy Books
1,78389,Future plc
1,78470,Vintage Books (imprint of Random House)
1,78579,Carousel Calendars
1,78881,The Criterion Collection/Janus Films
1,78954,Head of Zeus Ltd
1,84000,Mitchell Beazley
1,84002,"Oberon Books, Ltd"
1,84011,Templar Publishing
1,84013,Grange Books
1,84022,Wordsworth Editions
1,84023,Titan Books
1,84024,Summersdale Publishers
1,84028,Marshall Publishing
1,84033,Stenlake Publishing
1,84037,Air Life Publishing
1,84046,Icon Books
1,84049,Local Government Association
1,84067,Caxton Editions
1,84068,Creation Books
1,84081,Sebastian Kelly
1,84084,Dempsey Parr
1,84091,Conran Octopus
1,84092,Apple Press
1,84100,Quadrillion Publishing
1,84104,The Memoir Club
1,84113,Hart Publishing
1,84114,Halsgrove
1,84115,Harper Perennial
1,84116,Economic & Financial Publishing
1,84119,Constable & Robinson
1,84126,Meyer & Meyer
1,84139,Compass Maps
1,84149,Orbit Books
1,84150,Intellect
1,84151,Alan Godfrey Maps
1,84157,Thomas Cook Publishing
1,84158,Birlinn
1,84164,Parragon
1,84169,Psychology Press
1,84172,Ryland Peters & Small
1,84176,Osprey Publishing
1,84177,Higher Education Statistics Agency (HESA)
1,84179,Paragon Publishing
1,84185,Department for Education and Employment
1,84195,Canongate Books
1,84217,Oxbow Books
1,84219,Royal Institute of Chartered Surveyors (RICS)
1,84222,Carlton Publishing Group
1,84239,Alligator Books
1,84275,Politico's Publishing
1,84277,Zed Books
1,84311,Informa Telecoms & Media
1,84317,Michael O'Mara Books
1,84318,GTI Specialist Publishers
1,84330,New Holland Publishers
1,84334,Chandos Publishing
1,84340,Anova Books
1,84341,Birlinn
1,84348,Geographers' A-Z Map Company
1,84353,Rough Guides
1,84354,Atlantic Books
1,84359,National Trust
1,84368,Pallas Athene
1,84373,The Work Foundation
1,84383,Boydell & Brewer also Boydell Press
1,84388,Department for Work and Pensions
1,84398,Chartered Institute of Personnel and Development
1,84400,Quadrille Publishing
1,84401,Athena Press
1,84407,Earthscan
1,84408,Virago Press
1,84413,"Century, The Random House Group"
1,84415,Pen & Sword; Leo Cooper
1,84425,Haynes Publishing Group
1,84437,Arris Publishing
1,84445,Learning Matters Ltd
1,84449,Omnibus Press
1,84454,John Blake Publishing
1,84465,Acumen Publishing
1,84467,Verso Books
1,84468,Pen & Sword Books
1,84477,Hermes House
1,84490,Which?
1,84502,Black & White Publishing
1,84511,I.B. Tauris
1,84513,Aurum Press
1,84519,Sussex Academic Press
1,84520,Berg
1,84525,Think Books
1,84528,How To Books
1,84529,Constable & Robinson
1,84533,Octopus Publishing Group
1,84537,New Holland Publishers
1,84541,Channel View Publications
1,84545,Berghahn Books
1,84549,Abramis Academic Publishing
1,84564,WIT Press
1,84569,Woodhead Publishing Ltd.
1,84576,Titan Books
1,84584,Veloce Publishing
1,84588,nonsuch Publishing
1,84589,The Francis Frith Collection
1,84590,Crown House Publishing
1,84593,CABI
1,84603,Osprey Publishing
1,84605,Random House
1,84607,BBC Books
1,84608,Transport Research Laboratory
1,84614,Penguin Books
1,84624,Book Guild Publishers
1,84631,Liverpool University Press
1,84640,J. Salmon
1,84661,Jordan Publishing Ltd
1,84668,Profile Books Ltd
1,84674,Countryside Publications
1,84694,Zero Books
1,84695,Department for Work and Pensions
1,84703,Thomson Reuters (Legal) Ltd
1,84706,Baylor University Press
1,84708,Granta Publications
1,84710,Kaplan Publishing UK
1,84716,Straightforward Publishing
1,84719,Packt
1,84728,Lulu.com
1,84732,Carlton Books
1,84739,Simon and Schuster (UK)
1,84742,The Policy Press
1,84747,Chipmunkapublishing
1,84755,Royal Society of Chemistry
1,84756,Avon (UK)
1,84763,Department for Work and Pensions
1,84766,Bloomsbury Professional
1,84767,Canongate Books
1,84773,New Holland Publishers
1,84784,Alan Godfrey Maps
1,84787,SAGE Publications
1,84797,The Crowood Press
1,84798,Wolters Kluwer (UK) Ltd
1,84802,English Heritage
1,84817,Igloo Books
1,84831,Icon Books
1,84844,Edward Elgar Publishing
1,84845,"MIRA, Harlequin"
1,84856,Titan Books
1,84868,Amberley Publishing
1,84872,Psychology Press
1,84876,Troubador Publishing
1,84877,Templar Publishing
1,84884,Pen & Sword Books
1,84887,Atlantic Books
1,84905,Jessica Kingsley Publishers
1,84916,Quercus
1,84949,Quadrille Publishing
1,84950,Emerald Books
1,84951,Packt Publishing
1,84954,Biteback Publishing
1,84975,Ryland Peters & Small
1,84983,Simon and Schuster (UK)
1,85015,Exley Publications
1,85018,Inner Circle Books
1,85022,Truran Books
1,85044,Lloyd's of London Press
1,85052,Peerage Books
1,85055,FHG Guides Ltd
1,85058,Sigma Press
1,85074,English Heritage
1,85109,ABC-CLIO
1,85112,Office of the Deputy Prime Minister
1,85124,"Bodleian Library, University of Oxford"
1,85152,Reed International Books
1,85158,Mainstream Publishing
1,85168,Oneworld Publications
1,85227,Virgin Books
1,85233,Springer
1,85242,Serpent's Tail
1,85250,Acorn Computers Limited
1,85260,Patrick Stephens/Haynes Publishing Group
1,85273,Dance Books Ltd.
1,85283,Boxtree
1,85284,Cicerone Press
1,85286,Titan Books
1,85302,Jessica Kingsley Publishers
1,85304,Ravette
1,85306,Countryside Books
1,85310,Swan Hill Press
1,85315,Royal Society of Medicine Press
1,85326,Wordsworth Editions
1,85328,The Law Society
1,85343,Free Association Books
1,85367,Greenhill Books
1,85375,Prion
1,85386,Fleetway Editions Ltd
1,85391,Merehurst Press
1,85409,Arms & Armour Press
1,85410,Aurum Press
1,85411,Seren Books
1,85414,"Capital History, Capital Transport Publishing"
1,85437,Tate Gallery
1,85450,ELM Publications
1,85452,Croner Publications
1,85458,Vacation Work
1,85459,Nick Hern Books
1,85471,Bloomsbury Books (Godfrey Cave Group)
1,85479,Michael O'Mara Books
1,85487,Robinson
1,85567,Pinter
1,85568,Dalesman Books
1,85597,Henderson Publishing
1,85604,Facet
1,85613,Merehurst Press
1,85619,Sinclair-Stevenson Ltd.
1,85626,Kyle Cathie
1,85648,The Promotional Reprint Company
1,85669,Laurence King Publishing Ltd
1,85675,Gaia Books
1,85688,Springfield Books
1,85702,Fourth Estate Limited
1,85703,How to Books Ltd
1,85716,English Nature
1,85723,Orbit Books
1,85733,Kuperard
1,85739,Reed Business Information
1,85743,Europa Pub.
1,85758,Letts Educational
1,85769,The Dementia Services Development Centre
1,85774,Office for National Statistics
1,85783,Waterlow Professional Pub.
1,85788,Nicholas Brealey Publishing
1,85789,Atlantic Books
1,85793,Pavilion Books
1,85799,Phoenix
1,85805,Letts Educational
1,85825,Smith Settle
1,85833,Bramley Books
1,85856,Trentham Books
1,85868,Carlton Books
1,85870,Future
1,85899,Bournemouth University
1,85926,Aurora Publishing
1,85935,Joseph Rowntree Foundation
1,85936,Carnegie Press/Carnegie Publishing
1,85937,The Francis Frith Collection
1,85941,Routledge
1,85946,Royal Institute of British Architects
1,85958,Senate
1,85960,Haynes Publishing
1,85973,Berg
1,85982,Streetmaster
1,85983,Breedon Books
1,85984,Verso Books
1,85995,Parkstone
1,86019,Arms & Armour Press / Brockhampton Press
1,86019,Caxton Editions
1,86030,Institute for Public Policy Research
1,86046,Harvill Press
1,86064,I.B. Tauris / Radcliffe Press
1,86072,ICSA Information & Training
1,86077,Phillimore & Co
1,86080,Cityscape Maps Ltd
1,86082,Ignatius Press
1,86094,Imperial College Press
1,86100,Wrox Press
1,86105,Chrysalis
1,86123,Trail Publishing
1,86134,The Policy Press
1,86147,Abbeydale Press
1,86176,Chatham Publishing/Gerald Duckworth
1,86178,Venture Press
1,86187,Exley Publications
1,86189,Reaktion Books
1,86197,Profile Books
1,86207,Granta
1,86220,"Centre for North-West Regional Studies, University of Lancaster"
1,86230,Anchor Books
1,86232,Tuckwell
1,86239,The Geological Society
1,86252,Hopevale Mission Board
1,86254,Wakefield Press
1,86335,Common Ground Publishing
1,86396,ACP Publishing
1,87685,"Black Sparrow Books - An imprint of David R. Godine, Publisher"
1,869857,Wordwell
1,870018,Industrial Common Ownership Movement (ICOM) (now merged with Co-operatives UK)
1,870119,Foxline Publishing
1,870257,UK eInformation Group UKeiG
1,870325,Whittles
1,870545,Canterbury Archaeological Trust
1,870614,Libertarian Alliance
1,870652,Cairns Publications
1,870699,Book Works
1,870754,Runpast Publishing
1,870870,John Brown Publishing Ltd.
1,870948,Quiller Press
1,871044,Pondview Books
1,871149,Footprint Maps
1,871236,Lancashire County Books
1,871647,Wharncliffe Books
1,871814,Roadmaster Publishing
1,871891,Ethics International Press
1,872167,Hutton Press
1,872226,Printwise Publications
1,872239,Printability Publishing
1,872346,Northern Heritage Consultancy Ltd.
1,872405,Hallewell Publications
1,872489,SAWD Publications
1,872524,Platform 5 Publishing
1,872650,Manchester City Council
1,872843,Saffron Books
1,872895,Landy Publishing
1,873079,Paper Publications
1,873124,Cumberland and Westmorland Antiquarian and Archaeological Society
1,873394,Donhead Publishing
1,873592,English Heritage
1,873626,Breedon Books
1,873667,Comedia
1,873668,TTL
1,873888,Owl Books
1,873892,Pegasus Publishing
1,873976,Christie Books
1,874165,Work Research Centre
1,874181,Palatine Books
1,874185,BBA Enterprises
1,874350,Wessex Archaeology
1,874584,The Myrtlefield Trust/Myrtlefield House
1,875202,Weldon Russel Publishing
1,875998,Central Queensland University Press
1,876627,Wrightbooks
1,876756,Spinifex Press
1,876780,Central Queensland University Press
1,878109,ASP Press
1,878663,Professional Association of Diving Instructors
1,878718,Catholic Book Publishing
1,878798,Press Here
1,879016,Union of Orthodox Jewish Congregations of America
1,879402,Tahrike Tarsile Qur'an
1,879505,Silman-James Press
1,879630,Wind Canyon Publishing
1,879751,Camden House
1,880094,Association for the Advancement of Computing in Education
1,880229,Scuba Schools International GmbH
1,880317,Biblical Archaeology Society
1,880654,Pogo Press
1,880685,Two Plus Two Publishing
1,880837,Smith & Helwys Publishing
1,880985,2.13.61
1,881307,Saint Anthony Messenger Press
1,881943,Daedalus Publishing
1,882002,Alexander Graham Bell Association for the Deaf and Hard of Hearing
1,883362,Indiana Academy of Science
1,883869,Golden Gate National Parks Conservancy
1,884409,Capitol Records
1,884479,MercySong
1,884718,Oak Knoll Press & The British Library
1,884760,Wells Street Publishing
1,884822,Black Dog & Levanthal Publishing
1,884910,F+W Publications
1,885705,Prometheus Nemesis Book Company
1,885845,The Leaflet Missal Company
1,886070,ConJelCo LLC
1,886376,Network Cybernetics Corporation (NCC)
1,887123,Granary Books
1,887829,Journal of Roman Archaeology llc
1,888521,Brunswick Press
1,888799,Demos Vermande
1,889140,"Parentmagic, Inc."
1,889758,Evolution Publishing
1,890000,Danaan Press
1,890159,Greenery Press
1,890603,Urban Vision Entertainment
1,890871,Holcomb Hathaway Publishers
1,891105,"Lake Isle Press, Inc."
1,891620,Perseus Books Group; Public Affairs
1,891792,Harvard Education Press
1,892058,DreamHaven Books
1,892723,Black Books
1,892959,Anonymous Press
1,893018,Superscape
1,893020,Mandeville Press
1,893447,MAAT Press
1,893707,Rural Heritage Video
1,893410,Picture This! Home Video
1,893732,Sorin Books
1,893757,E.T. Nedder Publishing
1,893831,"Food for Thought Publishing, Foodnsport Press"
1,893955,University of South Alabama Center for Archaeological Studies
1,895565,Firefly Books
1,896239,J. Gordon Shillingford Publishing Inc.
1,896332,The River Press
1,896357,Rutgers University Press
1,897177,Autodesk
1,897350,Collector's Guide Publishing
1,897744,Oksforder Yidish Press
1,897878,TRP Magazines Ltd (Redmayne Publishing Company)
1,897940,Ta-Ha
1,898051,Ringpull Press
1,898059,PCCS Books
1,898062,Hedgehog Historical Publications
1,898319,Quail Map Company
1,898432,Venture Publications
1,898435,J. Salmon
1,898880,Bewick Press
1,899082,Everson Gunn Teoranta
1,899181,Book Clearance Centre
1,899280,National Autistic Society
1,899366,J.G.Harston
1,899468,"Soccerdata, an imprint of Tony Brown"
1,899571,Pulp Faction
1,899889,Lightmoor Press
1,900106,Purr Books
1,900193,Milepost 92 ½
1,900322,Green Earth Books
1,900357,Giles de la Mare
1,900463,True North Publishing
1,900510,TRADA Technology
1,900640,CRD – Centre for Reviews and Dissemination
1,900901,CLÀR
1,900915,Cathedral Communications
1,900924,Helter Skelter Publishing
1,901019,IM Publications
1,901092,Andreas Papadakis
1,901132,F R Turner
1,901184,The Ramblers' Association
1,901409,Agan Tavas
1,901447,Cherry Red Books
1,901556,Industrial Railway Society
1,901658,Ashfield Press
1,901703,Maritime Information Association
1,901821,Lippincott Williams & Wilkins
1,901927,Route
1,902356,Gingerfold Publications
1,902435,Staff and Educational Development Association (SEDA)
1,902459,University of Birmingham Press
1,902538,Argentum (an Aurum Press imprint)
1,902633,York Publishing Services
1,902686,Scriptum Editions
1,902771,Council for British Archaeology
1,902786,Campaign to Protect Rural England
1,902827,Atlantic Publishers
1,902937,McDonald Institute for Archaeological Research
1,903009,Generation Publications
1,903035,Wessex Books
1,903018,Prospect Books
1,903089,Compelling Books
1,903111,Reynolds & Hearn
1,903115,William Reed Publishing
1,903158,Parrs Wood Press
1,903204,True North Publishing
1,903208,Chartered Institute of Housing in Scotland
1,903221,Jacqui Small (an Aurum Press imprint)
1,903222,Nightingale
1,903258,Carroll & Brown Publishers
1,903266,Irwell Press
1,903274,Institute for Fiscal Studies
1,903307,LAG Education and Service Trust Ltd
1,903425,Wharncliffe Books
1,903511,Piggyback Interactive
1,903599,Black Dwarf Publications
1,903753,Itchy Ltd
1,903798,Cornwall Council
1,903855,Russell House Publishing
1,903973,Royal Academy of Arts
1,904193,WLR Media & Entertainment
1,904111,Federation for Community Development Learning
1,904265,"Rebellion Developments (2000AD, Abaddon Books, Solaris Books)"
1,904339,Risk Books
1,904341,Haus Publications
1,904349,The Dovecote Press
1,904380,Waterside Press
1,904400,Chartered Society of Physiotherapy
1,904437,AHDB Market Intelligence
1,904537,Redcliffe Press
1,904761,Nottingham University Press
1,904608,Taxcafe UK Ltd
1,904808,Evertype
1,904829,BCIS – (complete cont. on 907196)
1,904851,Rockingham Press
1,904859,AK Press
1,904871,The Good Life Press
1,904879,Marshall Cavendish/Cyan Communications
1,904905,Spiramus Press
1,904934,Institute of Islamic Studies
1,904943,Grul Street
1,904966,Historic Scotland
1,904994,Guinness World Records
1,905080,Great Northern Books
1,905119,Windgather Books (Oxbow imprint)
1,905125,The Classical Press of Wales
1,905140,Hammersmith Press
1,905214,Chastleton Travel
1,905221,British Institute of International and Comparative Law
1,905223,Heritage Marketing & Publications
1,905224,Leatherhead Publishing
1,905250,Andrew Taylor
1,905287,Reynolds & Hearn Ltd
1,905366,AP information Services
1,905369,Leisure Studies Association
1,905391,The College of Law
1,905410,White Ladder Press
1,905437,"Rebellion Developments (2000AD, Abaddon Books, Solaris Books)"
1,905476,Manchester Metropolitan University
1,905482,Taxbriefs Financial Publishing
1,905487,Linden Press
1,905499,LISU (Library & Information Statistics Unit)
1,905504,Anforme
1,905506,Family Planning Association (FPA)
1,905540,Coachwise
1,905548,The Friday Project
1,905553,BookPublishingWorld
1,905569,Wordwell
1,905583,Comma Press
1,905646,Heart of Albion
1,905674,Wallflower Press
1,905705,Itchy Ltd
1,905739,Archeopress
1,905811,Eden Project Books
1,905825,Bonnier Books
1,905847,Old Street Publishing
1,905852,Drinking Water Inspectorate
1,905881,Granta Publications
1,905891,"Soccerdata, an imprint of Tony Brown"
1,905933,Heritage (Oxbow imprint)
1,905942,National Gardens Scheme
1,906035,Cision UK
1,906052,Reflect Press
1,906076,Child Poverty Action Group
1,906093,Greenleaf Publishing
1,906097,Policy Exchange
1,906098,Footprint Books
1,906155,Black Dog Publishing
1,906136,Alastair Sawday Publishing
1,906167,Mortons of Horncastle
1,906201,Fiscal Publications
1,906254,PCCS Books
1,906294,Directory of Social Change
1,906304,The Heritage Council
1,906404,Highfield.co.uk
1,906419,Noodle Books
1,906465,Capstone
1,906540,Maney Publishing
1,906593,Redcliffe Press
1,906649,True North Publishing
1,906659,Harriman House
1,906660,Wallflower Press
1,906694,Quercus
1,906718,Taylor Shannon International
1,906884,Goodfellow Publishers
1,906909,Irwell Press
1,906974,Eagle Editions Ltd (Heathfield Railway Publications)
1,906994,Tindal Street Press
1,907140,emp3books
1,907196,BCIS
1,907264,"Creativity, Culture and Education"
1,907284,Nottingham University Press
1,907322,Maney Publishing
1,907394,Media One Communications
1,907410,Atom
1,907426,Kelsey Publishing Group
1,907444,Spiramus Press
1,907471,Libri Publishing
1,907499,Indepenpress
1,907648,Train Crazy Publishing
1,907727,Bibliolis Books
1,907794,LID Publishing
1,907892,The National Trust
1,908117,Grub Street
1,908397,Old Pond Publishing
1,908452,COPY
1,908699,Old Street Publishing
1,909090,Really Decent Books
1,909242,Atlantic Publishing
1,909268,Footprint
1,909328,Noodle Books (part of Crécy Publishing)
1,910233,Yarnstorm Press
1,910240,Vertebrate Publishing
1,910415,Key Publishing
1,910554,Kelsey Publishing Group
1,910907,English Heritage
1,911038,Lightmoor Press
1,911062,True North Books
1,911214,"Jonathan Cape, imprint of Vintage Publishing"
1,911276,Mortons of Horncastle
1,911301,Russell Square Publishing
1,912142,Whitelocke Publications
1,912151,Kelsey Publishing Group
1,912240,Sandstone Press
1,912784,Imperator Publishing
1,920899,Sydney University Press
1,921002,Ballistic Publishing
1,921440,Madonna House Publications
1,925470,Adversary publishing / Adversarial Press
1,928782,"Book Marketing Works, LLC"
1,929039,Ambassador Books
1,929068,Sholom Aleichem Family Publications
1,929109,White Hat Communications
1,930536,Best Publishing Company
1,931009,Total Immersion Inc.
1,931082,Library of America
1,931160,Green Candy Press
1,931445,Asir Media
1,931541,Simon Publications
1,931644,Maximum Press
1,931788,Aperture Foundation
1,931930,Intercultural Press
1,931951,ADK – Adirondack Mountain Club
1,932026,Collins Design
1,932195,Tupelo Press
1,932234,"Vertical, Inc."
1,932236,Intercollegiate Studies Institute
1,932360,Soft Skull Press
1,932587,Green Key Books
1,932595,Feral House Book
1,932857,Disinformation
1,932907,Michael Wiese Productions
1,932921,Healthwise
1,933019,now Publishers Inc.
1,933202,West Virginia University Press
1,933264,Lawyers & Judges Publishing Co. Inc
1,933317,Leatherwood Press
1,933346,Bluebridge
1,933368,Soft Skull Press
1,933405,Time Inc.
1,933464,"Behavioral Tech, LLC"
1,933495,Sorin Books
1,933503,Bull Publishing
1,933698,1500 Books
1,934074,Apprentice House
1,934121,The Criterion Collection/Janus Films
1,934287,"Vertical, Inc."
1,934334,Photolucida
1,934429,Ammo Books
1,934442,"Zeig, Tucker & Theiisen"
1,934625,The Nazca Plains Corporation
1,934781,McSweeney's Books
1,935182,Manning Publications Co.
1,935247,Silman-James Press
1,935654,"Vertical, Inc."
1,935660,Medmaster
1,935934,"Seven Seas Entertainment, LLC."
1,936560,Weber Books
1,936975,"Archie Comic Publications, Inc."
1,937867,"Seven Seas Entertainment, LLC."
1,937913,Catholic Book Publishing
1,938438,Creative Media Publishing
1,938635,St. Xenia Skete
1,938821,"Grey Gecko Press, LLC"
1,938853,FutureCycle Press
1,939130,"Vertical, Inc."
1,940535,Boss Fight Books
1,941220,"Vertical, Inc."
1,941792,Bard Graduate Center
1,942919,Hesperian Health Guides
1,942993,"Vertical, Inc."
1,943066,Spangenhelm Publishing
1,943287,George A. Hart Publishing
1,945054,"Vertical, Inc."
1,947194,"Vertical, Inc."
1,949930,Wulf Wurks